stable_id,uid,source_match_id,fifa_match_number,stage,group_or_round,home_team,away_team,kickoff_source_raw,kickoff_utc,kickoff_brt,venue_name,city,country,source_url,source_api_url,source_last_seen_at,source_hash,stage_id,group_id,match_status,time_defined,home_team_code,away_team_code,venue_country_code,duration_minutes
fifa-wc2026-match-001,fifa-wc2026-match-001@fifa-world-cup-2026-calendar.local,400021443,1,Primeira fase,Grupo A,México,África do Sul,"{""Date"": ""2026-06-11T19:00:00Z"", ""LocalDate"": ""2026-06-11T13:00:00Z"", ""TimeDefined"": true}",2026-06-11T19:00:00Z,2026-06-11T16:00:00-03:00,Estádio da Cidade do México,Cidade do México,México,https://www.fifa.com/pt/tournaments/mens/worldcup/canadamexicousa2026/scores-fixtures,https://api.fifa.com/api/v3/calendar/matches?language=pt&count=500&idSeason=285023,2026-04-19T22:22:13.539611Z,76eedcb7804d66d0c16f433278a767663ac9e40189866991af04f2c80053578c,289273,289275,1,True,MEX,RSA,MEX,180
fifa-wc2026-match-002,fifa-wc2026-match-002@fifa-world-cup-2026-calendar.local,400021441,2,Primeira fase,Grupo A,República da Coreia,Tchéquia,"{""Date"": ""2026-06-12T02:00:00Z"", ""LocalDate"": ""2026-06-11T20:00:00Z"", ""TimeDefined"": true}",2026-06-12T02:00:00Z,2026-06-11T23:00:00-03:00,Estádio de Guadalajara,Guadalajara,México,https://www.fifa.com/pt/tournaments/mens/worldcup/canadamexicousa2026/scores-fixtures,https://api.fifa.com/api/v3/calendar/matches?language=pt&count=500&idSeason=285023,2026-04-19T22:22:13.539611Z,8c07959ee74acb1cb9420a770487d265435a97cdd31a1ed2c2cff8561fcd935f,289273,289275,1,True,KOR,CZE,MEX,180
fifa-wc2026-match-003,fifa-wc2026-match-003@fifa-world-cup-2026-calendar.local,400021449,3,Primeira fase,Grupo B,Canadá,Bósnia e Herzegovina,"{""Date"": ""2026-06-12T19:00:00Z"", ""LocalDate"": ""2026-06-12T15:00:00Z"", ""TimeDefined"": true}",2026-06-12T19:00:00Z,2026-06-12T16:00:00-03:00,Estádio de Toronto ,Toronto,Canadá,https://www.fifa.com/pt/tournaments/mens/worldcup/canadamexicousa2026/scores-fixtures,https://api.fifa.com/api/v3/calendar/matches?language=pt&count=500&idSeason=285023,2026-04-19T22:22:13.539611Z,b0d63b18ad39c97e1c3626e2018c8fa6cb9cb6de8eb272710253f785f084caaa,289273,289276,1,True,CAN,BIH,CAN,180
fifa-wc2026-match-004,fifa-wc2026-match-004@fifa-world-cup-2026-calendar.local,400021458,4,Primeira fase,Grupo D,EUA,Paraguai,"{""Date"": ""2026-06-13T01:00:00Z"", ""LocalDate"": ""2026-06-12T18:00:00Z"", ""TimeDefined"": true}",2026-06-13T01:00:00Z,2026-06-12T22:00:00-03:00,Estádio de Los Angeles,Los Angeles,Estados Unidos,https://www.fifa.com/pt/tournaments/mens/worldcup/canadamexicousa2026/scores-fixtures,https://api.fifa.com/api/v3/calendar/matches?language=pt&count=500&idSeason=285023,2026-04-19T22:22:13.539611Z,4ed3d474e195c4a7077c4cabf3b8a94f227a71e72cc5a7e0b9157101033bd2a8,289273,289278,1,True,USA,PAR,USA,180
fifa-wc2026-match-005,fifa-wc2026-match-005@fifa-world-cup-2026-calendar.local,400021453,5,Primeira fase,Grupo C,Haiti,Escócia,"{""Date"": ""2026-06-14T01:00:00Z"", ""LocalDate"": ""2026-06-13T21:00:00Z"", ""TimeDefined"": true}",2026-06-14T01:00:00Z,2026-06-13T22:00:00-03:00,Estádio de Boston,Boston,Estados Unidos,https://www.fifa.com/pt/tournaments/mens/worldcup/canadamexicousa2026/scores-fixtures,https://api.fifa.com/api/v3/calendar/matches?language=pt&count=500&idSeason=285023,2026-04-19T22:22:13.539611Z,804eb09ac7fee6fedfe9d40ad489b040d5e3e4282d6922db073073e929b70fe0,289273,289277,1,True,HAI,SCO,USA,180
fifa-wc2026-match-006,fifa-wc2026-match-006@fifa-world-cup-2026-calendar.local,400021463,6,Primeira fase,Grupo D,Austrália,Turquia,"{""Date"": ""2026-06-14T04:00:00Z"", ""LocalDate"": ""2026-06-13T21:00:00Z"", ""TimeDefined"": true}",2026-06-14T04:00:00Z,2026-06-14T01:00:00-03:00,BC Place de Vancouver,Vancouver,Canadá,https://www.fifa.com/pt/tournaments/mens/worldcup/canadamexicousa2026/scores-fixtures,https://api.fifa.com/api/v3/calendar/matches?language=pt&count=500&idSeason=285023,2026-04-19T22:22:13.539611Z,66343805a7daa71270f1adcab75729fa703009c07f66358f9027b81e33a839bb,289273,289278,1,True,AUS,TUR,CAN,180
fifa-wc2026-match-007,fifa-wc2026-match-007@fifa-world-cup-2026-calendar.local,400021456,7,Primeira fase,Grupo C,Brasil,Marrocos,"{""Date"": ""2026-06-13T22:00:00Z"", ""LocalDate"": ""2026-06-13T18:00:00Z"", ""TimeDefined"": true}",2026-06-13T22:00:00Z,2026-06-13T19:00:00-03:00,Estádio de Nova York/Nova Jersey,Nova Iorque,Estados Unidos,https://www.fifa.com/pt/tournaments/mens/worldcup/canadamexicousa2026/scores-fixtures,https://api.fifa.com/api/v3/calendar/matches?language=pt&count=500&idSeason=285023,2026-04-19T22:22:13.539611Z,8da7eb1e0f5b17166a935ccf86d65aeddb7474d62cc9c129dbdf08f0dbbfb489,289273,289277,1,True,BRA,MAR,USA,180
fifa-wc2026-match-008,fifa-wc2026-match-008@fifa-world-cup-2026-calendar.local,400021447,8,Primeira fase,Grupo B,Catar,Suíça,"{""Date"": ""2026-06-13T19:00:00Z"", ""LocalDate"": ""2026-06-13T12:00:00Z"", ""TimeDefined"": true}",2026-06-13T19:00:00Z,2026-06-13T16:00:00-03:00,Estádio da Baía de São Francisco,Área da baía de São Francisco,Estados Unidos,https://www.fifa.com/pt/tournaments/mens/worldcup/canadamexicousa2026/scores-fixtures,https://api.fifa.com/api/v3/calendar/matches?language=pt&count=500&idSeason=285023,2026-04-19T22:22:13.539611Z,00d1c38b9407330603de1d02a65c66b27abdbd0b747af1d7667ac228c012cadc,289273,289276,1,True,QAT,SUI,USA,180
fifa-wc2026-match-009,fifa-wc2026-match-009@fifa-world-cup-2026-calendar.local,400021467,9,Primeira fase,Grupo E,Costa do Marfim,Equador,"{""Date"": ""2026-06-14T23:00:00Z"", ""LocalDate"": ""2026-06-14T19:00:00Z"", ""TimeDefined"": true}",2026-06-14T23:00:00Z,2026-06-14T20:00:00-03:00,Estádio de Filadélfia,Filadélfia,Estados Unidos,https://www.fifa.com/pt/tournaments/mens/worldcup/canadamexicousa2026/scores-fixtures,https://api.fifa.com/api/v3/calendar/matches?language=pt&count=500&idSeason=285023,2026-04-19T22:22:13.539611Z,4c9b2df50c67990ba5d8060809df94fa07092092305073ec49b46aa35de7ddba,289273,289279,1,True,CIV,ECU,USA,180
fifa-wc2026-match-010,fifa-wc2026-match-010@fifa-world-cup-2026-calendar.local,400021464,10,Primeira fase,Grupo E,Alemanha,Curaçau,"{""Date"": ""2026-06-14T17:00:00Z"", ""LocalDate"": ""2026-06-14T12:00:00Z"", ""TimeDefined"": true}",2026-06-14T17:00:00Z,2026-06-14T14:00:00-03:00,Estádio de Houston,Houston,Estados Unidos,https://www.fifa.com/pt/tournaments/mens/worldcup/canadamexicousa2026/scores-fixtures,https://api.fifa.com/api/v3/calendar/matches?language=pt&count=500&idSeason=285023,2026-04-19T22:22:13.539611Z,48205007189e8a17ec3d73f710257739c49dc0a0f85acf31ea015accb6652d41,289273,289279,1,True,GER,CUW,USA,180
fifa-wc2026-match-011,fifa-wc2026-match-011@fifa-world-cup-2026-calendar.local,400021470,11,Primeira fase,Grupo F,Holanda,Japão,"{""Date"": ""2026-06-14T20:00:00Z"", ""LocalDate"": ""2026-06-14T15:00:00Z"", ""TimeDefined"": true}",2026-06-14T20:00:00Z,2026-06-14T17:00:00-03:00,Estádio de Dallas,Dallas,Estados Unidos,https://www.fifa.com/pt/tournaments/mens/worldcup/canadamexicousa2026/scores-fixtures,https://api.fifa.com/api/v3/calendar/matches?language=pt&count=500&idSeason=285023,2026-04-19T22:22:13.539611Z,0be7501e07865a0c6e20e7e76d64387788d785b33529e119e73c5494b7700d25,289273,289280,1,True,NED,JPN,USA,180
fifa-wc2026-match-012,fifa-wc2026-match-012@fifa-world-cup-2026-calendar.local,400021474,12,Primeira fase,Grupo F,Suécia,Tunísia,"{""Date"": ""2026-06-15T02:00:00Z"", ""LocalDate"": ""2026-06-14T20:00:00Z"", ""TimeDefined"": true}",2026-06-15T02:00:00Z,2026-06-14T23:00:00-03:00,Estádio de Monterrey,Monterrey,México,https://www.fifa.com/pt/tournaments/mens/worldcup/canadamexicousa2026/scores-fixtures,https://api.fifa.com/api/v3/calendar/matches?language=pt&count=500&idSeason=285023,2026-04-19T22:22:13.539611Z,5a76b396b8b5370c430028301cb023a47b2d6e0b7516ca6f64eccd2c5ba387d7,289273,289280,1,True,SWE,TUN,MEX,180
fifa-wc2026-match-013,fifa-wc2026-match-013@fifa-world-cup-2026-calendar.local,400021486,13,Primeira fase,Grupo H,Arábia Saudita,Uruguai,"{""Date"": ""2026-06-15T22:00:00Z"", ""LocalDate"": ""2026-06-15T18:00:00Z"", ""TimeDefined"": true}",2026-06-15T22:00:00Z,2026-06-15T19:00:00-03:00,Estádio de Miami,Miami,Estados Unidos,https://www.fifa.com/pt/tournaments/mens/worldcup/canadamexicousa2026/scores-fixtures,https://api.fifa.com/api/v3/calendar/matches?language=pt&count=500&idSeason=285023,2026-04-19T22:22:13.539611Z,06a05703517365f3a6b38563c41a4b416ef3f486c7d1f64e642a61896286d8a2,289273,289282,1,True,KSA,URU,USA,180
fifa-wc2026-match-014,fifa-wc2026-match-014@fifa-world-cup-2026-calendar.local,400021482,14,Primeira fase,Grupo H,Espanha,Cabo Verde,"{""Date"": ""2026-06-15T16:00:00Z"", ""LocalDate"": ""2026-06-15T12:00:00Z"", ""TimeDefined"": true}",2026-06-15T16:00:00Z,2026-06-15T13:00:00-03:00,Estádio de Atlanta,Atlanta,Estados Unidos,https://www.fifa.com/pt/tournaments/mens/worldcup/canadamexicousa2026/scores-fixtures,https://api.fifa.com/api/v3/calendar/matches?language=pt&count=500&idSeason=285023,2026-04-19T22:22:13.539611Z,19d8564dc6d7107543ec1238b1a98dc3da9edbbe59e39e24a579fd48508d091b,289273,289282,1,True,ESP,CPV,USA,180
fifa-wc2026-match-015,fifa-wc2026-match-015@fifa-world-cup-2026-calendar.local,400021476,15,Primeira fase,Grupo G,RI do Irã,Nova Zelândia,"{""Date"": ""2026-06-16T01:00:00Z"", ""LocalDate"": ""2026-06-15T18:00:00Z"", ""TimeDefined"": true}",2026-06-16T01:00:00Z,2026-06-15T22:00:00-03:00,Estádio de Los Angeles,Los Angeles,Estados Unidos,https://www.fifa.com/pt/tournaments/mens/worldcup/canadamexicousa2026/scores-fixtures,https://api.fifa.com/api/v3/calendar/matches?language=pt&count=500&idSeason=285023,2026-04-19T22:22:13.539611Z,9e818ed082e50f01fb9b6cc7bb782db932fcc61eb01853488443606c0e475381,289273,289281,1,True,IRN,NZL,USA,180
fifa-wc2026-match-016,fifa-wc2026-match-016@fifa-world-cup-2026-calendar.local,400021478,16,Primeira fase,Grupo G,Bélgica,Egito,"{""Date"": ""2026-06-15T19:00:00Z"", ""LocalDate"": ""2026-06-15T12:00:00Z"", ""TimeDefined"": true}",2026-06-15T19:00:00Z,2026-06-15T16:00:00-03:00,Estádio de Seattle,Seattle,Estados Unidos,https://www.fifa.com/pt/tournaments/mens/worldcup/canadamexicousa2026/scores-fixtures,https://api.fifa.com/api/v3/calendar/matches?language=pt&count=500&idSeason=285023,2026-04-19T22:22:13.539611Z,6d352f400bb917d73088685be359b288a94304fd6bfadf2f8a4a5099774589d4,289273,289281,1,True,BEL,EGY,USA,180
fifa-wc2026-match-017,fifa-wc2026-match-017@fifa-world-cup-2026-calendar.local,400021490,17,Primeira fase,Grupo I,França,Senegal,"{""Date"": ""2026-06-16T19:00:00Z"", ""LocalDate"": ""2026-06-16T15:00:00Z"", ""TimeDefined"": true}",2026-06-16T19:00:00Z,2026-06-16T16:00:00-03:00,Estádio de Nova York/Nova Jersey,Nova Iorque,Estados Unidos,https://www.fifa.com/pt/tournaments/mens/worldcup/canadamexicousa2026/scores-fixtures,https://api.fifa.com/api/v3/calendar/matches?language=pt&count=500&idSeason=285023,2026-04-19T22:22:13.539611Z,a4abcbba63178d175f42a982707be171eba8faed236eca6353eb549321fabd76,289273,289283,1,True,FRA,SEN,USA,180
fifa-wc2026-match-018,fifa-wc2026-match-018@fifa-world-cup-2026-calendar.local,400021488,18,Primeira fase,Grupo I,Iraque,Noruega,"{""Date"": ""2026-06-16T22:00:00Z"", ""LocalDate"": ""2026-06-16T18:00:00Z"", ""TimeDefined"": true}",2026-06-16T22:00:00Z,2026-06-16T19:00:00-03:00,Estádio de Boston,Boston,Estados Unidos,https://www.fifa.com/pt/tournaments/mens/worldcup/canadamexicousa2026/scores-fixtures,https://api.fifa.com/api/v3/calendar/matches?language=pt&count=500&idSeason=285023,2026-04-19T22:22:13.539611Z,58dd8e63408dc57baffff301a941f849323a51187553a85a0230c91aba2798f8,289273,289283,1,True,IRQ,NOR,USA,180
fifa-wc2026-match-019,fifa-wc2026-match-019@fifa-world-cup-2026-calendar.local,400021496,19,Primeira fase,Grupo J,Argentina,Argélia,"{""Date"": ""2026-06-17T01:00:00Z"", ""LocalDate"": ""2026-06-16T20:00:00Z"", ""TimeDefined"": true}",2026-06-17T01:00:00Z,2026-06-16T22:00:00-03:00,Estádio de Kansas City,Kansas City,Estados Unidos,https://www.fifa.com/pt/tournaments/mens/worldcup/canadamexicousa2026/scores-fixtures,https://api.fifa.com/api/v3/calendar/matches?language=pt&count=500&idSeason=285023,2026-04-19T22:22:13.539611Z,2908d4316467428609fa83a80900a7d747e34f063fd5e50dccb7ffeb136b614f,289273,289284,1,True,ARG,ALG,USA,180
fifa-wc2026-match-020,fifa-wc2026-match-020@fifa-world-cup-2026-calendar.local,400021498,20,Primeira fase,Grupo J,Áustria,Jordânia,"{""Date"": ""2026-06-17T04:00:00Z"", ""LocalDate"": ""2026-06-16T21:00:00Z"", ""TimeDefined"": true}",2026-06-17T04:00:00Z,2026-06-17T01:00:00-03:00,Estádio da Baía de São Francisco,Área da baía de São Francisco,Estados Unidos,https://www.fifa.com/pt/tournaments/mens/worldcup/canadamexicousa2026/scores-fixtures,https://api.fifa.com/api/v3/calendar/matches?language=pt&count=500&idSeason=285023,2026-04-19T22:22:13.539611Z,352e27faf71da2bf2359869580fcf89ba48baf42beb99ebcc89357e7fb63a190,289273,289284,1,True,AUT,JOR,USA,180
fifa-wc2026-match-021,fifa-wc2026-match-021@fifa-world-cup-2026-calendar.local,400021510,21,Primeira fase,Grupo L,Gana,Panamá,"{""Date"": ""2026-06-17T23:00:00Z"", ""LocalDate"": ""2026-06-17T19:00:00Z"", ""TimeDefined"": true}",2026-06-17T23:00:00Z,2026-06-17T20:00:00-03:00,Estádio de Toronto ,Toronto,Canadá,https://www.fifa.com/pt/tournaments/mens/worldcup/canadamexicousa2026/scores-fixtures,https://api.fifa.com/api/v3/calendar/matches?language=pt&count=500&idSeason=285023,2026-04-19T22:22:13.539611Z,27767f8cd11df653c7abfaee87b5b8c4916229d31b882f610f1fc65548c67723,289273,289286,1,True,GHA,PAN,CAN,180
fifa-wc2026-match-022,fifa-wc2026-match-022@fifa-world-cup-2026-calendar.local,400021507,22,Primeira fase,Grupo L,Inglaterra,Croácia,"{""Date"": ""2026-06-17T20:00:00Z"", ""LocalDate"": ""2026-06-17T15:00:00Z"", ""TimeDefined"": true}",2026-06-17T20:00:00Z,2026-06-17T17:00:00-03:00,Estádio de Dallas,Dallas,Estados Unidos,https://www.fifa.com/pt/tournaments/mens/worldcup/canadamexicousa2026/scores-fixtures,https://api.fifa.com/api/v3/calendar/matches?language=pt&count=500&idSeason=285023,2026-04-19T22:22:13.539611Z,d74ecad54d79aef0ff88d8df180155cde6a517350689eb05e89383a5ba59455b,289273,289286,1,True,ENG,CRO,USA,180
fifa-wc2026-match-023,fifa-wc2026-match-023@fifa-world-cup-2026-calendar.local,400021502,23,Primeira fase,Grupo K,Portugal,RD do Congo,"{""Date"": ""2026-06-17T17:00:00Z"", ""LocalDate"": ""2026-06-17T12:00:00Z"", ""TimeDefined"": true}",2026-06-17T17:00:00Z,2026-06-17T14:00:00-03:00,Estádio de Houston,Houston,Estados Unidos,https://www.fifa.com/pt/tournaments/mens/worldcup/canadamexicousa2026/scores-fixtures,https://api.fifa.com/api/v3/calendar/matches?language=pt&count=500&idSeason=285023,2026-04-19T22:22:13.539611Z,90ad0ba5d0a90d26f27bad0a686de72b2d69c0fd7b47864194bddc1375122071,289273,289285,1,True,POR,COD,USA,180
fifa-wc2026-match-024,fifa-wc2026-match-024@fifa-world-cup-2026-calendar.local,400021504,24,Primeira fase,Grupo K,Uzbequistão,Colômbia,"{""Date"": ""2026-06-18T02:00:00Z"", ""LocalDate"": ""2026-06-17T20:00:00Z"", ""TimeDefined"": true}",2026-06-18T02:00:00Z,2026-06-17T23:00:00-03:00,Estádio da Cidade do México,Cidade do México,México,https://www.fifa.com/pt/tournaments/mens/worldcup/canadamexicousa2026/scores-fixtures,https://api.fifa.com/api/v3/calendar/matches?language=pt&count=500&idSeason=285023,2026-04-19T22:22:13.539611Z,8e9605a575390f5dd5b6d6a5af057acb1de351144d5a1938b1641c2b54a38f10,289273,289285,1,True,UZB,COL,MEX,180
fifa-wc2026-match-025,fifa-wc2026-match-025@fifa-world-cup-2026-calendar.local,400021440,25,Primeira fase,Grupo A,Tchéquia,África do Sul,"{""Date"": ""2026-06-18T16:00:00Z"", ""LocalDate"": ""2026-06-18T12:00:00Z"", ""TimeDefined"": true}",2026-06-18T16:00:00Z,2026-06-18T13:00:00-03:00,Estádio de Atlanta,Atlanta,Estados Unidos,https://www.fifa.com/pt/tournaments/mens/worldcup/canadamexicousa2026/scores-fixtures,https://api.fifa.com/api/v3/calendar/matches?language=pt&count=500&idSeason=285023,2026-04-19T22:22:13.539611Z,031304605a800044579e4b9ce1624ceb7d9bd8bf012a9ec438e42928f2ab05f3,289273,289275,1,True,CZE,RSA,USA,180
fifa-wc2026-match-026,fifa-wc2026-match-026@fifa-world-cup-2026-calendar.local,400021446,26,Primeira fase,Grupo B,Suíça,Bósnia e Herzegovina,"{""Date"": ""2026-06-18T19:00:00Z"", ""LocalDate"": ""2026-06-18T12:00:00Z"", ""TimeDefined"": true}",2026-06-18T19:00:00Z,2026-06-18T16:00:00-03:00,Estádio de Los Angeles,Los Angeles,Estados Unidos,https://www.fifa.com/pt/tournaments/mens/worldcup/canadamexicousa2026/scores-fixtures,https://api.fifa.com/api/v3/calendar/matches?language=pt&count=500&idSeason=285023,2026-04-19T22:22:13.539611Z,634acf7d1e331630dae81af28c07ef63311d401c3a8897391a523de4e8894565,289273,289276,1,True,SUI,BIH,USA,180
fifa-wc2026-match-027,fifa-wc2026-match-027@fifa-world-cup-2026-calendar.local,400021450,27,Primeira fase,Grupo B,Canadá,Catar,"{""Date"": ""2026-06-18T22:00:00Z"", ""LocalDate"": ""2026-06-18T15:00:00Z"", ""TimeDefined"": true}",2026-06-18T22:00:00Z,2026-06-18T19:00:00-03:00,BC Place de Vancouver,Vancouver,Canadá,https://www.fifa.com/pt/tournaments/mens/worldcup/canadamexicousa2026/scores-fixtures,https://api.fifa.com/api/v3/calendar/matches?language=pt&count=500&idSeason=285023,2026-04-19T22:22:13.539611Z,7927d2ff06381f65060a33693a5ef38a66f6fab9b45131ec66c643eec5da7fe3,289273,289276,1,True,CAN,QAT,CAN,180
fifa-wc2026-match-028,fifa-wc2026-match-028@fifa-world-cup-2026-calendar.local,400021442,28,Primeira fase,Grupo A,México,República da Coreia,"{""Date"": ""2026-06-19T01:00:00Z"", ""LocalDate"": ""2026-06-18T19:00:00Z"", ""TimeDefined"": true}",2026-06-19T01:00:00Z,2026-06-18T22:00:00-03:00,Estádio de Guadalajara,Guadalajara,México,https://www.fifa.com/pt/tournaments/mens/worldcup/canadamexicousa2026/scores-fixtures,https://api.fifa.com/api/v3/calendar/matches?language=pt&count=500&idSeason=285023,2026-04-19T22:22:13.539611Z,51e61ecbd76b26da68b3a32af0a043790ef52eb260db6d95882ac2ccbb6e7fff,289273,289275,1,True,MEX,KOR,MEX,180
fifa-wc2026-match-029,fifa-wc2026-match-029@fifa-world-cup-2026-calendar.local,400021457,29,Primeira fase,Grupo C,Brasil,Haiti,"{""Date"": ""2026-06-20T00:30:00Z"", ""LocalDate"": ""2026-06-19T20:30:00Z"", ""TimeDefined"": true}",2026-06-20T00:30:00Z,2026-06-19T21:30:00-03:00,Estádio de Filadélfia,Filadélfia,Estados Unidos,https://www.fifa.com/pt/tournaments/mens/worldcup/canadamexicousa2026/scores-fixtures,https://api.fifa.com/api/v3/calendar/matches?language=pt&count=500&idSeason=285023,2026-04-19T22:22:13.539611Z,9b3ddca061ed76b90c6532626a050a33400d5971f835720f4866fec674aa6052,289273,289277,1,True,BRA,HAI,USA,180
fifa-wc2026-match-030,fifa-wc2026-match-030@fifa-world-cup-2026-calendar.local,400021454,30,Primeira fase,Grupo C,Escócia,Marrocos,"{""Date"": ""2026-06-19T22:00:00Z"", ""LocalDate"": ""2026-06-19T18:00:00Z"", ""TimeDefined"": true}",2026-06-19T22:00:00Z,2026-06-19T19:00:00-03:00,Estádio de Boston,Boston,Estados Unidos,https://www.fifa.com/pt/tournaments/mens/worldcup/canadamexicousa2026/scores-fixtures,https://api.fifa.com/api/v3/calendar/matches?language=pt&count=500&idSeason=285023,2026-04-19T22:22:13.539611Z,7e9520c3fbc3ef020f99168ca78ee00ee7ff656e4a646890b0e3b68afb4e5e9d,289273,289277,1,True,SCO,MAR,USA,180
fifa-wc2026-match-031,fifa-wc2026-match-031@fifa-world-cup-2026-calendar.local,400021460,31,Primeira fase,Grupo D,Turquia,Paraguai,"{""Date"": ""2026-06-20T03:00:00Z"", ""LocalDate"": ""2026-06-19T20:00:00Z"", ""TimeDefined"": true}",2026-06-20T03:00:00Z,2026-06-20T00:00:00-03:00,Estádio da Baía de São Francisco,Área da baía de São Francisco,Estados Unidos,https://www.fifa.com/pt/tournaments/mens/worldcup/canadamexicousa2026/scores-fixtures,https://api.fifa.com/api/v3/calendar/matches?language=pt&count=500&idSeason=285023,2026-04-19T22:22:13.539611Z,f9c56c33f98b1828a2240dc6243d8398a3dd78e026c1c2dec46ba7c5428e6595,289273,289278,1,True,TUR,PAR,USA,180
fifa-wc2026-match-032,fifa-wc2026-match-032@fifa-world-cup-2026-calendar.local,400021462,32,Primeira fase,Grupo D,EUA,Austrália,"{""Date"": ""2026-06-19T19:00:00Z"", ""LocalDate"": ""2026-06-19T12:00:00Z"", ""TimeDefined"": true}",2026-06-19T19:00:00Z,2026-06-19T16:00:00-03:00,Estádio de Seattle,Seattle,Estados Unidos,https://www.fifa.com/pt/tournaments/mens/worldcup/canadamexicousa2026/scores-fixtures,https://api.fifa.com/api/v3/calendar/matches?language=pt&count=500&idSeason=285023,2026-04-19T22:22:13.539611Z,e610f6d5a82f747226ab725b9620a8bd57f3e58ca497c47779830b1afcb672c4,289273,289278,1,True,USA,AUS,USA,180
fifa-wc2026-match-033,fifa-wc2026-match-033@fifa-world-cup-2026-calendar.local,400021469,33,Primeira fase,Grupo E,Alemanha,Costa do Marfim,"{""Date"": ""2026-06-20T20:00:00Z"", ""LocalDate"": ""2026-06-20T16:00:00Z"", ""TimeDefined"": true}",2026-06-20T20:00:00Z,2026-06-20T17:00:00-03:00,Estádio de Toronto ,Toronto,Canadá,https://www.fifa.com/pt/tournaments/mens/worldcup/canadamexicousa2026/scores-fixtures,https://api.fifa.com/api/v3/calendar/matches?language=pt&count=500&idSeason=285023,2026-04-19T22:22:13.539611Z,b292ccc8dd4d70e3578159ea05ac10eb9db2999c93348ed61cb76f06f22df86a,289273,289279,1,True,GER,CIV,CAN,180
fifa-wc2026-match-034,fifa-wc2026-match-034@fifa-world-cup-2026-calendar.local,400021465,34,Primeira fase,Grupo E,Equador,Curaçau,"{""Date"": ""2026-06-21T00:00:00Z"", ""LocalDate"": ""2026-06-20T19:00:00Z"", ""TimeDefined"": true}",2026-06-21T00:00:00Z,2026-06-20T21:00:00-03:00,Estádio de Kansas City,Kansas City,Estados Unidos,https://www.fifa.com/pt/tournaments/mens/worldcup/canadamexicousa2026/scores-fixtures,https://api.fifa.com/api/v3/calendar/matches?language=pt&count=500&idSeason=285023,2026-04-19T22:22:13.539611Z,cd7b1358679ee37a65ecca3fa022c4e34ed21fcdf100aa70fc192eb3ffd3afad,289273,289279,1,True,ECU,CUW,USA,180
fifa-wc2026-match-035,fifa-wc2026-match-035@fifa-world-cup-2026-calendar.local,400021472,35,Primeira fase,Grupo F,Holanda,Suécia,"{""Date"": ""2026-06-20T17:00:00Z"", ""LocalDate"": ""2026-06-20T12:00:00Z"", ""TimeDefined"": true}",2026-06-20T17:00:00Z,2026-06-20T14:00:00-03:00,Estádio de Houston,Houston,Estados Unidos,https://www.fifa.com/pt/tournaments/mens/worldcup/canadamexicousa2026/scores-fixtures,https://api.fifa.com/api/v3/calendar/matches?language=pt&count=500&idSeason=285023,2026-04-19T22:22:13.539611Z,659d55d6ddce1b529fb5089b2934b9893a3a01f0efd8e96124320e8ab9f92576,289273,289280,1,True,NED,SWE,USA,180
fifa-wc2026-match-036,fifa-wc2026-match-036@fifa-world-cup-2026-calendar.local,400021475,36,Primeira fase,Grupo F,Tunísia,Japão,"{""Date"": ""2026-06-21T04:00:00Z"", ""LocalDate"": ""2026-06-20T22:00:00Z"", ""TimeDefined"": true}",2026-06-21T04:00:00Z,2026-06-21T01:00:00-03:00,Estádio de Monterrey,Monterrey,México,https://www.fifa.com/pt/tournaments/mens/worldcup/canadamexicousa2026/scores-fixtures,https://api.fifa.com/api/v3/calendar/matches?language=pt&count=500&idSeason=285023,2026-04-19T22:22:13.539611Z,f2edc9399f28d39e743fecf3ee61e579f87096d5452ad117ef1597f9779e1f34,289273,289280,1,True,TUN,JPN,MEX,180
fifa-wc2026-match-037,fifa-wc2026-match-037@fifa-world-cup-2026-calendar.local,400021487,37,Primeira fase,Grupo H,Uruguai,Cabo Verde,"{""Date"": ""2026-06-21T22:00:00Z"", ""LocalDate"": ""2026-06-21T18:00:00Z"", ""TimeDefined"": true}",2026-06-21T22:00:00Z,2026-06-21T19:00:00-03:00,Estádio de Miami,Miami,Estados Unidos,https://www.fifa.com/pt/tournaments/mens/worldcup/canadamexicousa2026/scores-fixtures,https://api.fifa.com/api/v3/calendar/matches?language=pt&count=500&idSeason=285023,2026-04-19T22:22:13.539611Z,2c478f05e211dcfeab3cb63d466a848491833ef97d579ad94d03cb3eb25c6ec2,289273,289282,1,True,URU,CPV,USA,180
fifa-wc2026-match-038,fifa-wc2026-match-038@fifa-world-cup-2026-calendar.local,400021483,38,Primeira fase,Grupo H,Espanha,Arábia Saudita,"{""Date"": ""2026-06-21T16:00:00Z"", ""LocalDate"": ""2026-06-21T12:00:00Z"", ""TimeDefined"": true}",2026-06-21T16:00:00Z,2026-06-21T13:00:00-03:00,Estádio de Atlanta,Atlanta,Estados Unidos,https://www.fifa.com/pt/tournaments/mens/worldcup/canadamexicousa2026/scores-fixtures,https://api.fifa.com/api/v3/calendar/matches?language=pt&count=500&idSeason=285023,2026-04-19T22:22:13.539611Z,6907f81899552d82cd1e14fda4a0218dc1eb2978965f40d449ea1eb81f7904f4,289273,289282,1,True,ESP,KSA,USA,180
fifa-wc2026-match-039,fifa-wc2026-match-039@fifa-world-cup-2026-calendar.local,400021477,39,Primeira fase,Grupo G,Bélgica,RI do Irã,"{""Date"": ""2026-06-21T19:00:00Z"", ""LocalDate"": ""2026-06-21T12:00:00Z"", ""TimeDefined"": true}",2026-06-21T19:00:00Z,2026-06-21T16:00:00-03:00,Estádio de Los Angeles,Los Angeles,Estados Unidos,https://www.fifa.com/pt/tournaments/mens/worldcup/canadamexicousa2026/scores-fixtures,https://api.fifa.com/api/v3/calendar/matches?language=pt&count=500&idSeason=285023,2026-04-19T22:22:13.539611Z,85943b7988e6429ee78e6562eea8e5c2b32934b3a97462ff0440da354a081d57,289273,289281,1,True,BEL,IRN,USA,180
fifa-wc2026-match-040,fifa-wc2026-match-040@fifa-world-cup-2026-calendar.local,400021480,40,Primeira fase,Grupo G,Nova Zelândia,Egito,"{""Date"": ""2026-06-22T01:00:00Z"", ""LocalDate"": ""2026-06-21T18:00:00Z"", ""TimeDefined"": true}",2026-06-22T01:00:00Z,2026-06-21T22:00:00-03:00,BC Place de Vancouver,Vancouver,Canadá,https://www.fifa.com/pt/tournaments/mens/worldcup/canadamexicousa2026/scores-fixtures,https://api.fifa.com/api/v3/calendar/matches?language=pt&count=500&idSeason=285023,2026-04-19T22:22:13.539611Z,bcba1e7c5a92a4537e01c88077bcf70292f1fdab1074b076151517bf4a7da538,289273,289281,1,True,NZL,EGY,CAN,180
fifa-wc2026-match-041,fifa-wc2026-match-041@fifa-world-cup-2026-calendar.local,400021491,41,Primeira fase,Grupo I,Noruega,Senegal,"{""Date"": ""2026-06-23T00:00:00Z"", ""LocalDate"": ""2026-06-22T20:00:00Z"", ""TimeDefined"": true}",2026-06-23T00:00:00Z,2026-06-22T21:00:00-03:00,Estádio de Nova York/Nova Jersey,Nova Iorque,Estados Unidos,https://www.fifa.com/pt/tournaments/mens/worldcup/canadamexicousa2026/scores-fixtures,https://api.fifa.com/api/v3/calendar/matches?language=pt&count=500&idSeason=285023,2026-04-19T22:22:13.539611Z,8434e0b46f72daa27bc09606b4923f3114f35c7c5dd9889b16aa3cfb4dde7e93,289273,289283,1,True,NOR,SEN,USA,180
fifa-wc2026-match-042,fifa-wc2026-match-042@fifa-world-cup-2026-calendar.local,400021492,42,Primeira fase,Grupo I,França,Iraque,"{""Date"": ""2026-06-22T21:00:00Z"", ""LocalDate"": ""2026-06-22T17:00:00Z"", ""TimeDefined"": true}",2026-06-22T21:00:00Z,2026-06-22T18:00:00-03:00,Estádio de Filadélfia,Filadélfia,Estados Unidos,https://www.fifa.com/pt/tournaments/mens/worldcup/canadamexicousa2026/scores-fixtures,https://api.fifa.com/api/v3/calendar/matches?language=pt&count=500&idSeason=285023,2026-04-19T22:22:13.539611Z,16c1d6be1e1dcc086c8d3f409f167dd48875d81e26f2d356a3374aa9bb40ba9b,289273,289283,1,True,FRA,IRQ,USA,180
fifa-wc2026-match-043,fifa-wc2026-match-043@fifa-world-cup-2026-calendar.local,400021494,43,Primeira fase,Grupo J,Argentina,Áustria,"{""Date"": ""2026-06-22T17:00:00Z"", ""LocalDate"": ""2026-06-22T12:00:00Z"", ""TimeDefined"": true}",2026-06-22T17:00:00Z,2026-06-22T14:00:00-03:00,Estádio de Dallas,Dallas,Estados Unidos,https://www.fifa.com/pt/tournaments/mens/worldcup/canadamexicousa2026/scores-fixtures,https://api.fifa.com/api/v3/calendar/matches?language=pt&count=500&idSeason=285023,2026-04-19T22:22:13.539611Z,0f27c3fc37ea7968788478703af2489509ccaced909fb8fdda7f736bc92f5a45,289273,289284,1,True,ARG,AUT,USA,180
fifa-wc2026-match-044,fifa-wc2026-match-044@fifa-world-cup-2026-calendar.local,400021499,44,Primeira fase,Grupo J,Jordânia,Argélia,"{""Date"": ""2026-06-23T03:00:00Z"", ""LocalDate"": ""2026-06-22T20:00:00Z"", ""TimeDefined"": true}",2026-06-23T03:00:00Z,2026-06-23T00:00:00-03:00,Estádio da Baía de São Francisco,Área da baía de São Francisco,Estados Unidos,https://www.fifa.com/pt/tournaments/mens/worldcup/canadamexicousa2026/scores-fixtures,https://api.fifa.com/api/v3/calendar/matches?language=pt&count=500&idSeason=285023,2026-04-19T22:22:13.539611Z,89099eed9602dda0d9c71d3d62e0713c8521cf7412e32283fd230bfd0be0d6cd,289273,289284,1,True,JOR,ALG,USA,180
fifa-wc2026-match-045,fifa-wc2026-match-045@fifa-world-cup-2026-calendar.local,400021506,45,Primeira fase,Grupo L,Inglaterra,Gana,"{""Date"": ""2026-06-23T20:00:00Z"", ""LocalDate"": ""2026-06-23T16:00:00Z"", ""TimeDefined"": true}",2026-06-23T20:00:00Z,2026-06-23T17:00:00-03:00,Estádio de Boston,Boston,Estados Unidos,https://www.fifa.com/pt/tournaments/mens/worldcup/canadamexicousa2026/scores-fixtures,https://api.fifa.com/api/v3/calendar/matches?language=pt&count=500&idSeason=285023,2026-04-19T22:22:13.539611Z,bf376abfd7b4e4bc2f8a0b81033a87e78a55ca17d29056e1d64488336709b029,289273,289286,1,True,ENG,GHA,USA,180
fifa-wc2026-match-046,fifa-wc2026-match-046@fifa-world-cup-2026-calendar.local,400021511,46,Primeira fase,Grupo L,Panamá,Croácia,"{""Date"": ""2026-06-23T23:00:00Z"", ""LocalDate"": ""2026-06-23T19:00:00Z"", ""TimeDefined"": true}",2026-06-23T23:00:00Z,2026-06-23T20:00:00-03:00,Estádio de Toronto ,Toronto,Canadá,https://www.fifa.com/pt/tournaments/mens/worldcup/canadamexicousa2026/scores-fixtures,https://api.fifa.com/api/v3/calendar/matches?language=pt&count=500&idSeason=285023,2026-04-19T22:22:13.539611Z,bbc9ab575ee09ea76d0998fe7c4b2ccf2ea1d43a113fcb3caf59624302bf3489,289273,289286,1,True,PAN,CRO,CAN,180
fifa-wc2026-match-047,fifa-wc2026-match-047@fifa-world-cup-2026-calendar.local,400021503,47,Primeira fase,Grupo K,Portugal,Uzbequistão,"{""Date"": ""2026-06-23T17:00:00Z"", ""LocalDate"": ""2026-06-23T12:00:00Z"", ""TimeDefined"": true}",2026-06-23T17:00:00Z,2026-06-23T14:00:00-03:00,Estádio de Houston,Houston,Estados Unidos,https://www.fifa.com/pt/tournaments/mens/worldcup/canadamexicousa2026/scores-fixtures,https://api.fifa.com/api/v3/calendar/matches?language=pt&count=500&idSeason=285023,2026-04-19T22:22:13.539611Z,41a6ae0338fba89754794730fa74e8d34f711c43e6da67c03ea6426d9132076d,289273,289285,1,True,POR,UZB,USA,180
fifa-wc2026-match-048,fifa-wc2026-match-048@fifa-world-cup-2026-calendar.local,400021501,48,Primeira fase,Grupo K,Colômbia,RD do Congo,"{""Date"": ""2026-06-24T02:00:00Z"", ""LocalDate"": ""2026-06-23T20:00:00Z"", ""TimeDefined"": true}",2026-06-24T02:00:00Z,2026-06-23T23:00:00-03:00,Estádio de Guadalajara,Guadalajara,México,https://www.fifa.com/pt/tournaments/mens/worldcup/canadamexicousa2026/scores-fixtures,https://api.fifa.com/api/v3/calendar/matches?language=pt&count=500&idSeason=285023,2026-04-19T22:22:13.539611Z,1d201aec22d1177101c960010c75e801bab9b72191015fbdfa86163bd59ba5e5,289273,289285,1,True,COL,COD,MEX,180
fifa-wc2026-match-049,fifa-wc2026-match-049@fifa-world-cup-2026-calendar.local,400021455,49,Primeira fase,Grupo C,Escócia,Brasil,"{""Date"": ""2026-06-24T22:00:00Z"", ""LocalDate"": ""2026-06-24T18:00:00Z"", ""TimeDefined"": true}",2026-06-24T22:00:00Z,2026-06-24T19:00:00-03:00,Estádio de Miami,Miami,Estados Unidos,https://www.fifa.com/pt/tournaments/mens/worldcup/canadamexicousa2026/scores-fixtures,https://api.fifa.com/api/v3/calendar/matches?language=pt&count=500&idSeason=285023,2026-04-19T22:22:13.539611Z,ba869f8dda60c88095345dc49d392c0914cf638b2b175bdd31db613312707737,289273,289277,1,True,SCO,BRA,USA,180
fifa-wc2026-match-050,fifa-wc2026-match-050@fifa-world-cup-2026-calendar.local,400021452,50,Primeira fase,Grupo C,Marrocos,Haiti,"{""Date"": ""2026-06-24T22:00:00Z"", ""LocalDate"": ""2026-06-24T18:00:00Z"", ""TimeDefined"": true}",2026-06-24T22:00:00Z,2026-06-24T19:00:00-03:00,Estádio de Atlanta,Atlanta,Estados Unidos,https://www.fifa.com/pt/tournaments/mens/worldcup/canadamexicousa2026/scores-fixtures,https://api.fifa.com/api/v3/calendar/matches?language=pt&count=500&idSeason=285023,2026-04-19T22:22:13.539611Z,be246efca3ff29f8e9601434456fd498960c36ab65c6d4deb8622c286d7413ba,289273,289277,1,True,MAR,HAI,USA,180
fifa-wc2026-match-051,fifa-wc2026-match-051@fifa-world-cup-2026-calendar.local,400021451,51,Primeira fase,Grupo B,Suíça,Canadá,"{""Date"": ""2026-06-24T19:00:00Z"", ""LocalDate"": ""2026-06-24T12:00:00Z"", ""TimeDefined"": true}",2026-06-24T19:00:00Z,2026-06-24T16:00:00-03:00,BC Place de Vancouver,Vancouver,Canadá,https://www.fifa.com/pt/tournaments/mens/worldcup/canadamexicousa2026/scores-fixtures,https://api.fifa.com/api/v3/calendar/matches?language=pt&count=500&idSeason=285023,2026-04-19T22:22:13.539611Z,f4faee84a52eb94188a7b893472d67682315b48ba4c258392cfe6d69513775ac,289273,289276,1,True,SUI,CAN,CAN,180
fifa-wc2026-match-052,fifa-wc2026-match-052@fifa-world-cup-2026-calendar.local,400021448,52,Primeira fase,Grupo B,Bósnia e Herzegovina,Catar,"{""Date"": ""2026-06-24T19:00:00Z"", ""LocalDate"": ""2026-06-24T12:00:00Z"", ""TimeDefined"": true}",2026-06-24T19:00:00Z,2026-06-24T16:00:00-03:00,Estádio de Seattle,Seattle,Estados Unidos,https://www.fifa.com/pt/tournaments/mens/worldcup/canadamexicousa2026/scores-fixtures,https://api.fifa.com/api/v3/calendar/matches?language=pt&count=500&idSeason=285023,2026-04-19T22:22:13.539611Z,8d71abc1204d35dbadb5d4cad24ee9c512730724583a12d36bcf128761f2f9a8,289273,289276,1,True,BIH,QAT,USA,180
fifa-wc2026-match-053,fifa-wc2026-match-053@fifa-world-cup-2026-calendar.local,400021444,53,Primeira fase,Grupo A,Tchéquia,México,"{""Date"": ""2026-06-25T01:00:00Z"", ""LocalDate"": ""2026-06-24T19:00:00Z"", ""TimeDefined"": true}",2026-06-25T01:00:00Z,2026-06-24T22:00:00-03:00,Estádio da Cidade do México,Cidade do México,México,https://www.fifa.com/pt/tournaments/mens/worldcup/canadamexicousa2026/scores-fixtures,https://api.fifa.com/api/v3/calendar/matches?language=pt&count=500&idSeason=285023,2026-04-19T22:22:13.539611Z,6e525a688b6336f92cca9e1c5033f47b924c62f0ccedf0a6055913fc522653dd,289273,289275,1,True,CZE,MEX,MEX,180
fifa-wc2026-match-054,fifa-wc2026-match-054@fifa-world-cup-2026-calendar.local,400021445,54,Primeira fase,Grupo A,África do Sul,República da Coreia,"{""Date"": ""2026-06-25T01:00:00Z"", ""LocalDate"": ""2026-06-24T19:00:00Z"", ""TimeDefined"": true}",2026-06-25T01:00:00Z,2026-06-24T22:00:00-03:00,Estádio de Monterrey,Monterrey,México,https://www.fifa.com/pt/tournaments/mens/worldcup/canadamexicousa2026/scores-fixtures,https://api.fifa.com/api/v3/calendar/matches?language=pt&count=500&idSeason=285023,2026-04-19T22:22:13.539611Z,6db30f1946c54a36e37654777f28d924e37c812a095563fe57f28310f93cb488,289273,289275,1,True,RSA,KOR,MEX,180
fifa-wc2026-match-055,fifa-wc2026-match-055@fifa-world-cup-2026-calendar.local,400021468,55,Primeira fase,Grupo E,Curaçau,Costa do Marfim,"{""Date"": ""2026-06-25T20:00:00Z"", ""LocalDate"": ""2026-06-25T16:00:00Z"", ""TimeDefined"": true}",2026-06-25T20:00:00Z,2026-06-25T17:00:00-03:00,Estádio de Filadélfia,Filadélfia,Estados Unidos,https://www.fifa.com/pt/tournaments/mens/worldcup/canadamexicousa2026/scores-fixtures,https://api.fifa.com/api/v3/calendar/matches?language=pt&count=500&idSeason=285023,2026-04-19T22:22:13.539611Z,986a199b64122f0aab8ef21374d0221622d41aa36a5bef8cfd9bb5237c7cc221,289273,289279,1,True,CUW,CIV,USA,180
fifa-wc2026-match-056,fifa-wc2026-match-056@fifa-world-cup-2026-calendar.local,400021466,56,Primeira fase,Grupo E,Equador,Alemanha,"{""Date"": ""2026-06-25T20:00:00Z"", ""LocalDate"": ""2026-06-25T16:00:00Z"", ""TimeDefined"": true}",2026-06-25T20:00:00Z,2026-06-25T17:00:00-03:00,Estádio de Nova York/Nova Jersey,Nova Iorque,Estados Unidos,https://www.fifa.com/pt/tournaments/mens/worldcup/canadamexicousa2026/scores-fixtures,https://api.fifa.com/api/v3/calendar/matches?language=pt&count=500&idSeason=285023,2026-04-19T22:22:13.539611Z,dcb37e7f5bfd7af28d7f55bfeeed1150b4bfd55479b74c2ecb158b82ec99819b,289273,289279,1,True,ECU,GER,USA,180
fifa-wc2026-match-057,fifa-wc2026-match-057@fifa-world-cup-2026-calendar.local,400021471,57,Primeira fase,Grupo F,Japão,Suécia,"{""Date"": ""2026-06-25T23:00:00Z"", ""LocalDate"": ""2026-06-25T18:00:00Z"", ""TimeDefined"": true}",2026-06-25T23:00:00Z,2026-06-25T20:00:00-03:00,Estádio de Dallas,Dallas,Estados Unidos,https://www.fifa.com/pt/tournaments/mens/worldcup/canadamexicousa2026/scores-fixtures,https://api.fifa.com/api/v3/calendar/matches?language=pt&count=500&idSeason=285023,2026-04-19T22:22:13.539611Z,360045189aca11fedf716ab170c02f897930e51e0ddacc87c214b71c3d9d3679,289273,289280,1,True,JPN,SWE,USA,180
fifa-wc2026-match-058,fifa-wc2026-match-058@fifa-world-cup-2026-calendar.local,400021473,58,Primeira fase,Grupo F,Tunísia,Holanda,"{""Date"": ""2026-06-25T23:00:00Z"", ""LocalDate"": ""2026-06-25T18:00:00Z"", ""TimeDefined"": true}",2026-06-25T23:00:00Z,2026-06-25T20:00:00-03:00,Estádio de Kansas City,Kansas City,Estados Unidos,https://www.fifa.com/pt/tournaments/mens/worldcup/canadamexicousa2026/scores-fixtures,https://api.fifa.com/api/v3/calendar/matches?language=pt&count=500&idSeason=285023,2026-04-19T22:22:13.539611Z,4aeacda369a1e1e66f414af3ec3cfc76f8d8c811264294d000b1c2dfed0c874a,289273,289280,1,True,TUN,NED,USA,180
fifa-wc2026-match-059,fifa-wc2026-match-059@fifa-world-cup-2026-calendar.local,400021459,59,Primeira fase,Grupo D,Turquia,EUA,"{""Date"": ""2026-06-26T02:00:00Z"", ""LocalDate"": ""2026-06-25T19:00:00Z"", ""TimeDefined"": true}",2026-06-26T02:00:00Z,2026-06-25T23:00:00-03:00,Estádio de Los Angeles,Los Angeles,Estados Unidos,https://www.fifa.com/pt/tournaments/mens/worldcup/canadamexicousa2026/scores-fixtures,https://api.fifa.com/api/v3/calendar/matches?language=pt&count=500&idSeason=285023,2026-04-19T22:22:13.539611Z,f23c7543fde7819dddb3b40c56bf504b4c35fc43a8330f71614e9a1298b7c2a0,289273,289278,1,True,TUR,USA,USA,180
fifa-wc2026-match-060,fifa-wc2026-match-060@fifa-world-cup-2026-calendar.local,400021461,60,Primeira fase,Grupo D,Paraguai,Austrália,"{""Date"": ""2026-06-26T02:00:00Z"", ""LocalDate"": ""2026-06-25T19:00:00Z"", ""TimeDefined"": true}",2026-06-26T02:00:00Z,2026-06-25T23:00:00-03:00,Estádio da Baía de São Francisco,Área da baía de São Francisco,Estados Unidos,https://www.fifa.com/pt/tournaments/mens/worldcup/canadamexicousa2026/scores-fixtures,https://api.fifa.com/api/v3/calendar/matches?language=pt&count=500&idSeason=285023,2026-04-19T22:22:13.539611Z,834dacfcf61352e4299929142edc7b0c31ef2ed6cf5d4add1ebc01573a22535f,289273,289278,1,True,PAR,AUS,USA,180
fifa-wc2026-match-061,fifa-wc2026-match-061@fifa-world-cup-2026-calendar.local,400021489,61,Primeira fase,Grupo I,Noruega,França,"{""Date"": ""2026-06-26T19:00:00Z"", ""LocalDate"": ""2026-06-26T15:00:00Z"", ""TimeDefined"": true}",2026-06-26T19:00:00Z,2026-06-26T16:00:00-03:00,Estádio de Boston,Boston,Estados Unidos,https://www.fifa.com/pt/tournaments/mens/worldcup/canadamexicousa2026/scores-fixtures,https://api.fifa.com/api/v3/calendar/matches?language=pt&count=500&idSeason=285023,2026-04-19T22:22:13.539611Z,4e07ff4f92543cdfe1dfe4741e78dfb0a658f85f92533b931269fe4855344ca1,289273,289283,1,True,NOR,FRA,USA,180
fifa-wc2026-match-062,fifa-wc2026-match-062@fifa-world-cup-2026-calendar.local,400021493,62,Primeira fase,Grupo I,Senegal,Iraque,"{""Date"": ""2026-06-26T19:00:00Z"", ""LocalDate"": ""2026-06-26T15:00:00Z"", ""TimeDefined"": true}",2026-06-26T19:00:00Z,2026-06-26T16:00:00-03:00,Estádio de Toronto ,Toronto,Canadá,https://www.fifa.com/pt/tournaments/mens/worldcup/canadamexicousa2026/scores-fixtures,https://api.fifa.com/api/v3/calendar/matches?language=pt&count=500&idSeason=285023,2026-04-19T22:22:13.539611Z,0b10d0461a6e29b4fbe7d96188e80068a89e76f7b1805b767aaa3be4a05c42d7,289273,289283,1,True,SEN,IRQ,CAN,180
fifa-wc2026-match-063,fifa-wc2026-match-063@fifa-world-cup-2026-calendar.local,400021479,63,Primeira fase,Grupo G,Egito,RI do Irã,"{""Date"": ""2026-06-27T03:00:00Z"", ""LocalDate"": ""2026-06-26T20:00:00Z"", ""TimeDefined"": true}",2026-06-27T03:00:00Z,2026-06-27T00:00:00-03:00,Estádio de Seattle,Seattle,Estados Unidos,https://www.fifa.com/pt/tournaments/mens/worldcup/canadamexicousa2026/scores-fixtures,https://api.fifa.com/api/v3/calendar/matches?language=pt&count=500&idSeason=285023,2026-04-19T22:22:13.539611Z,343c1db30d793e8de958b56730bf1b9390c1fc208cee6a4f72f11ee93e4e6b71,289273,289281,1,True,EGY,IRN,USA,180
fifa-wc2026-match-064,fifa-wc2026-match-064@fifa-world-cup-2026-calendar.local,400021481,64,Primeira fase,Grupo G,Nova Zelândia,Bélgica,"{""Date"": ""2026-06-27T03:00:00Z"", ""LocalDate"": ""2026-06-26T20:00:00Z"", ""TimeDefined"": true}",2026-06-27T03:00:00Z,2026-06-27T00:00:00-03:00,BC Place de Vancouver,Vancouver,Canadá,https://www.fifa.com/pt/tournaments/mens/worldcup/canadamexicousa2026/scores-fixtures,https://api.fifa.com/api/v3/calendar/matches?language=pt&count=500&idSeason=285023,2026-04-19T22:22:13.539611Z,74d23be808029ab851de45dd3ecb5cbd3a6ef171c10d6e296115ef455fff7b68,289273,289281,1,True,NZL,BEL,CAN,180
fifa-wc2026-match-065,fifa-wc2026-match-065@fifa-world-cup-2026-calendar.local,400021485,65,Primeira fase,Grupo H,Cabo Verde,Arábia Saudita,"{""Date"": ""2026-06-27T00:00:00Z"", ""LocalDate"": ""2026-06-26T19:00:00Z"", ""TimeDefined"": true}",2026-06-27T00:00:00Z,2026-06-26T21:00:00-03:00,Estádio de Houston,Houston,Estados Unidos,https://www.fifa.com/pt/tournaments/mens/worldcup/canadamexicousa2026/scores-fixtures,https://api.fifa.com/api/v3/calendar/matches?language=pt&count=500&idSeason=285023,2026-04-19T22:22:13.539611Z,9a8f4b8fbeee9f6f3e8f4aeb90a4598a0f95ab0543461b5e20d1c249fe4bd903,289273,289282,1,True,CPV,KSA,USA,180
fifa-wc2026-match-066,fifa-wc2026-match-066@fifa-world-cup-2026-calendar.local,400021484,66,Primeira fase,Grupo H,Uruguai,Espanha,"{""Date"": ""2026-06-27T00:00:00Z"", ""LocalDate"": ""2026-06-26T18:00:00Z"", ""TimeDefined"": true}",2026-06-27T00:00:00Z,2026-06-26T21:00:00-03:00,Estádio de Guadalajara,Guadalajara,México,https://www.fifa.com/pt/tournaments/mens/worldcup/canadamexicousa2026/scores-fixtures,https://api.fifa.com/api/v3/calendar/matches?language=pt&count=500&idSeason=285023,2026-04-19T22:22:13.539611Z,63b3ed2f4a55f402f4c7b5438aec836130165ffa34fc9a23f69af116ec3c6b4b,289273,289282,1,True,URU,ESP,MEX,180
fifa-wc2026-match-067,fifa-wc2026-match-067@fifa-world-cup-2026-calendar.local,400021508,67,Primeira fase,Grupo L,Panamá,Inglaterra,"{""Date"": ""2026-06-27T21:00:00Z"", ""LocalDate"": ""2026-06-27T17:00:00Z"", ""TimeDefined"": true}",2026-06-27T21:00:00Z,2026-06-27T18:00:00-03:00,Estádio de Nova York/Nova Jersey,Nova Iorque,Estados Unidos,https://www.fifa.com/pt/tournaments/mens/worldcup/canadamexicousa2026/scores-fixtures,https://api.fifa.com/api/v3/calendar/matches?language=pt&count=500&idSeason=285023,2026-04-19T22:22:13.539611Z,ca492aa7eaea37fc33bb734d7016af0ae7ac5e0fe5f6360a00fc2e7e2a24ab4d,289273,289286,1,True,PAN,ENG,USA,180
fifa-wc2026-match-068,fifa-wc2026-match-068@fifa-world-cup-2026-calendar.local,400021509,68,Primeira fase,Grupo L,Croácia,Gana,"{""Date"": ""2026-06-27T21:00:00Z"", ""LocalDate"": ""2026-06-27T17:00:00Z"", ""TimeDefined"": true}",2026-06-27T21:00:00Z,2026-06-27T18:00:00-03:00,Estádio de Filadélfia,Filadélfia,Estados Unidos,https://www.fifa.com/pt/tournaments/mens/worldcup/canadamexicousa2026/scores-fixtures,https://api.fifa.com/api/v3/calendar/matches?language=pt&count=500&idSeason=285023,2026-04-19T22:22:13.539611Z,4e653c4d8fdc7f38fca040a776f6b0db029e48c8d1a3381d507d5b9887b291fa,289273,289286,1,True,CRO,GHA,USA,180
fifa-wc2026-match-069,fifa-wc2026-match-069@fifa-world-cup-2026-calendar.local,400021497,69,Primeira fase,Grupo J,Argélia,Áustria,"{""Date"": ""2026-06-28T02:00:00Z"", ""LocalDate"": ""2026-06-27T21:00:00Z"", ""TimeDefined"": true}",2026-06-28T02:00:00Z,2026-06-27T23:00:00-03:00,Estádio de Kansas City,Kansas City,Estados Unidos,https://www.fifa.com/pt/tournaments/mens/worldcup/canadamexicousa2026/scores-fixtures,https://api.fifa.com/api/v3/calendar/matches?language=pt&count=500&idSeason=285023,2026-04-19T22:22:13.539611Z,d27f83a9062c4b1d6d2dc8dbcfe9f6117d8d18074cfbf94e58e94e8806750951,289273,289284,1,True,ALG,AUT,USA,180
fifa-wc2026-match-070,fifa-wc2026-match-070@fifa-world-cup-2026-calendar.local,400021495,70,Primeira fase,Grupo J,Jordânia,Argentina,"{""Date"": ""2026-06-28T02:00:00Z"", ""LocalDate"": ""2026-06-27T21:00:00Z"", ""TimeDefined"": true}",2026-06-28T02:00:00Z,2026-06-27T23:00:00-03:00,Estádio de Dallas,Dallas,Estados Unidos,https://www.fifa.com/pt/tournaments/mens/worldcup/canadamexicousa2026/scores-fixtures,https://api.fifa.com/api/v3/calendar/matches?language=pt&count=500&idSeason=285023,2026-04-19T22:22:13.539611Z,722c2de5f6384297324d714425d30e26833d242608469ee16a0fe33f98a2539b,289273,289284,1,True,JOR,ARG,USA,180
fifa-wc2026-match-071,fifa-wc2026-match-071@fifa-world-cup-2026-calendar.local,400021505,71,Primeira fase,Grupo K,Colômbia,Portugal,"{""Date"": ""2026-06-27T23:30:00Z"", ""LocalDate"": ""2026-06-27T19:30:00Z"", ""TimeDefined"": true}",2026-06-27T23:30:00Z,2026-06-27T20:30:00-03:00,Estádio de Miami,Miami,Estados Unidos,https://www.fifa.com/pt/tournaments/mens/worldcup/canadamexicousa2026/scores-fixtures,https://api.fifa.com/api/v3/calendar/matches?language=pt&count=500&idSeason=285023,2026-04-19T22:22:13.539611Z,f92c04d43b0ab863e70f99fb161fc88c04f6a60a12f9036c7de47b3c60589245,289273,289285,1,True,COL,POR,USA,180
fifa-wc2026-match-072,fifa-wc2026-match-072@fifa-world-cup-2026-calendar.local,400021500,72,Primeira fase,Grupo K,RD do Congo,Uzbequistão,"{""Date"": ""2026-06-27T23:30:00Z"", ""LocalDate"": ""2026-06-27T19:30:00Z"", ""TimeDefined"": true}",2026-06-27T23:30:00Z,2026-06-27T20:30:00-03:00,Estádio de Atlanta,Atlanta,Estados Unidos,https://www.fifa.com/pt/tournaments/mens/worldcup/canadamexicousa2026/scores-fixtures,https://api.fifa.com/api/v3/calendar/matches?language=pt&count=500&idSeason=285023,2026-04-19T22:22:13.539611Z,27748a9b31f8492dde31db806ad8f8901f5d1c4765a804d1b9daa29860b27b13,289273,289285,1,True,COD,UZB,USA,180
fifa-wc2026-match-073,fifa-wc2026-match-073@fifa-world-cup-2026-calendar.local,400021518,73,Segundas de final,Segundas de final,2A,2B,"{""Date"": ""2026-06-28T19:00:00Z"", ""LocalDate"": ""2026-06-28T12:00:00Z"", ""TimeDefined"": true}",2026-06-28T19:00:00Z,2026-06-28T16:00:00-03:00,Estádio de Los Angeles,Los Angeles,Estados Unidos,https://www.fifa.com/pt/tournaments/mens/worldcup/canadamexicousa2026/scores-fixtures,https://api.fifa.com/api/v3/calendar/matches?language=pt&count=500&idSeason=285023,2026-04-19T22:22:13.539611Z,7bf039f09c05f96c1379cbb40d7e17ad19d40e282db5691bd646c6c3db7172b4,289287,,1,True,,,USA,180
fifa-wc2026-match-074,fifa-wc2026-match-074@fifa-world-cup-2026-calendar.local,400021513,74,Segundas de final,Segundas de final,1E,3ABCDF,"{""Date"": ""2026-06-29T20:30:00Z"", ""LocalDate"": ""2026-06-29T16:30:00Z"", ""TimeDefined"": true}",2026-06-29T20:30:00Z,2026-06-29T17:30:00-03:00,Estádio de Boston,Boston,Estados Unidos,https://www.fifa.com/pt/tournaments/mens/worldcup/canadamexicousa2026/scores-fixtures,https://api.fifa.com/api/v3/calendar/matches?language=pt&count=500&idSeason=285023,2026-04-19T22:22:13.539611Z,57fe11e42bbeae7f08a002bd70d99a25108ee50128230173f28731878ddc62c3,289287,,1,True,,,USA,180
fifa-wc2026-match-075,fifa-wc2026-match-075@fifa-world-cup-2026-calendar.local,400021522,75,Segundas de final,Segundas de final,1F,2C,"{""Date"": ""2026-06-30T01:00:00Z"", ""LocalDate"": ""2026-06-29T19:00:00Z"", ""TimeDefined"": true}",2026-06-30T01:00:00Z,2026-06-29T22:00:00-03:00,Estádio de Monterrey,Monterrey,México,https://www.fifa.com/pt/tournaments/mens/worldcup/canadamexicousa2026/scores-fixtures,https://api.fifa.com/api/v3/calendar/matches?language=pt&count=500&idSeason=285023,2026-04-19T22:22:13.539611Z,5d8691d2f6e915608053782c64ef126121a8aef3e9ccd159bf981b52de852133,289287,,1,True,,,MEX,180
fifa-wc2026-match-076,fifa-wc2026-match-076@fifa-world-cup-2026-calendar.local,400021516,76,Segundas de final,Segundas de final,1C,2F,"{""Date"": ""2026-06-29T17:00:00Z"", ""LocalDate"": ""2026-06-29T12:00:00Z"", ""TimeDefined"": true}",2026-06-29T17:00:00Z,2026-06-29T14:00:00-03:00,Estádio de Houston,Houston,Estados Unidos,https://www.fifa.com/pt/tournaments/mens/worldcup/canadamexicousa2026/scores-fixtures,https://api.fifa.com/api/v3/calendar/matches?language=pt&count=500&idSeason=285023,2026-04-19T22:22:13.539611Z,9f0010520d37a76257b0a81d436bef653a807dc3593792a1e0b957fa0cdb93fe,289287,,1,True,,,USA,180
fifa-wc2026-match-077,fifa-wc2026-match-077@fifa-world-cup-2026-calendar.local,400021523,77,Segundas de final,Segundas de final,1I,3CDFGH,"{""Date"": ""2026-06-30T21:00:00Z"", ""LocalDate"": ""2026-06-30T17:00:00Z"", ""TimeDefined"": true}",2026-06-30T21:00:00Z,2026-06-30T18:00:00-03:00,Estádio de Nova York/Nova Jersey,Nova Iorque,Estados Unidos,https://www.fifa.com/pt/tournaments/mens/worldcup/canadamexicousa2026/scores-fixtures,https://api.fifa.com/api/v3/calendar/matches?language=pt&count=500&idSeason=285023,2026-04-19T22:22:13.539611Z,3c3b336821abda6d0a031c92ae0c24d1f43c96c6b9e0ed5a33f7b4ea1e5655b1,289287,,1,True,,,USA,180
fifa-wc2026-match-078,fifa-wc2026-match-078@fifa-world-cup-2026-calendar.local,400021514,78,Segundas de final,Segundas de final,2E,2I,"{""Date"": ""2026-06-30T17:00:00Z"", ""LocalDate"": ""2026-06-30T12:00:00Z"", ""TimeDefined"": true}",2026-06-30T17:00:00Z,2026-06-30T14:00:00-03:00,Estádio de Dallas,Dallas,Estados Unidos,https://www.fifa.com/pt/tournaments/mens/worldcup/canadamexicousa2026/scores-fixtures,https://api.fifa.com/api/v3/calendar/matches?language=pt&count=500&idSeason=285023,2026-04-19T22:22:13.539611Z,7999eb4f9bbd82d273237dc10476a4e6eb526e754e04342ba034f75fe6d70089,289287,,1,True,,,USA,180
fifa-wc2026-match-079,fifa-wc2026-match-079@fifa-world-cup-2026-calendar.local,400021520,79,Segundas de final,Segundas de final,1A,3CEFHI,"{""Date"": ""2026-07-01T01:00:00Z"", ""LocalDate"": ""2026-06-30T19:00:00Z"", ""TimeDefined"": true}",2026-07-01T01:00:00Z,2026-06-30T22:00:00-03:00,Estádio da Cidade do México,Cidade do México,México,https://www.fifa.com/pt/tournaments/mens/worldcup/canadamexicousa2026/scores-fixtures,https://api.fifa.com/api/v3/calendar/matches?language=pt&count=500&idSeason=285023,2026-04-19T22:22:13.539611Z,205b78db95fceaea4404decb0f976890f561c53c34aeb39cae9bca892eb5a275,289287,,1,True,,,MEX,180
fifa-wc2026-match-080,fifa-wc2026-match-080@fifa-world-cup-2026-calendar.local,400021512,80,Segundas de final,Segundas de final,1L,3EHIJK,"{""Date"": ""2026-07-01T16:00:00Z"", ""LocalDate"": ""2026-07-01T12:00:00Z"", ""TimeDefined"": true}",2026-07-01T16:00:00Z,2026-07-01T13:00:00-03:00,Estádio de Atlanta,Atlanta,Estados Unidos,https://www.fifa.com/pt/tournaments/mens/worldcup/canadamexicousa2026/scores-fixtures,https://api.fifa.com/api/v3/calendar/matches?language=pt&count=500&idSeason=285023,2026-04-19T22:22:13.539611Z,47f119858b998f9c5f689a93c10ba367487ffecb3a6027362e2a461271313387,289287,,1,True,,,USA,180
fifa-wc2026-match-081,fifa-wc2026-match-081@fifa-world-cup-2026-calendar.local,400021524,81,Segundas de final,Segundas de final,1D,3BEFIJ,"{""Date"": ""2026-07-02T00:00:00Z"", ""LocalDate"": ""2026-07-01T17:00:00Z"", ""TimeDefined"": true}",2026-07-02T00:00:00Z,2026-07-01T21:00:00-03:00,Estádio da Baía de São Francisco,Área da baía de São Francisco,Estados Unidos,https://www.fifa.com/pt/tournaments/mens/worldcup/canadamexicousa2026/scores-fixtures,https://api.fifa.com/api/v3/calendar/matches?language=pt&count=500&idSeason=285023,2026-04-19T22:22:13.539611Z,d9fa880968576eaa0ef5a4bc7290d0ec3625a0234d2ea2155f0d4bea0711323b,289287,,1,True,,,USA,180
fifa-wc2026-match-082,fifa-wc2026-match-082@fifa-world-cup-2026-calendar.local,400021525,82,Segundas de final,Segundas de final,1G,3AEHIJ,"{""Date"": ""2026-07-01T20:00:00Z"", ""LocalDate"": ""2026-07-01T13:00:00Z"", ""TimeDefined"": true}",2026-07-01T20:00:00Z,2026-07-01T17:00:00-03:00,Estádio de Seattle,Seattle,Estados Unidos,https://www.fifa.com/pt/tournaments/mens/worldcup/canadamexicousa2026/scores-fixtures,https://api.fifa.com/api/v3/calendar/matches?language=pt&count=500&idSeason=285023,2026-04-19T22:22:13.539611Z,fe8423dae55d65dbde2107bf6d74da95110d660cb9ed76f40779f990c267a9d4,289287,,1,True,,,USA,180
fifa-wc2026-match-083,fifa-wc2026-match-083@fifa-world-cup-2026-calendar.local,400021526,83,Segundas de final,Segundas de final,2K,2L,"{""Date"": ""2026-07-02T23:00:00Z"", ""LocalDate"": ""2026-07-02T19:00:00Z"", ""TimeDefined"": true}",2026-07-02T23:00:00Z,2026-07-02T20:00:00-03:00,Estádio de Toronto ,Toronto,Canadá,https://www.fifa.com/pt/tournaments/mens/worldcup/canadamexicousa2026/scores-fixtures,https://api.fifa.com/api/v3/calendar/matches?language=pt&count=500&idSeason=285023,2026-04-19T22:22:13.539611Z,22deba748fe4108f1cceb4bef5c989fdf3b0e3f8fe050d2fe009098cfde6b9c1,289287,,1,True,,,CAN,180
fifa-wc2026-match-084,fifa-wc2026-match-084@fifa-world-cup-2026-calendar.local,400021519,84,Segundas de final,Segundas de final,1H,2J,"{""Date"": ""2026-07-02T19:00:00Z"", ""LocalDate"": ""2026-07-02T12:00:00Z"", ""TimeDefined"": true}",2026-07-02T19:00:00Z,2026-07-02T16:00:00-03:00,Estádio de Los Angeles,Los Angeles,Estados Unidos,https://www.fifa.com/pt/tournaments/mens/worldcup/canadamexicousa2026/scores-fixtures,https://api.fifa.com/api/v3/calendar/matches?language=pt&count=500&idSeason=285023,2026-04-19T22:22:13.539611Z,b2d286d1303dbbad501a09b05cc4df3d6f1710ffcbd2526dae80e1258d6dbe0a,289287,,1,True,,,USA,180
fifa-wc2026-match-085,fifa-wc2026-match-085@fifa-world-cup-2026-calendar.local,400021527,85,Segundas de final,Segundas de final,1B,3EFGIJ,"{""Date"": ""2026-07-03T03:00:00Z"", ""LocalDate"": ""2026-07-02T20:00:00Z"", ""TimeDefined"": true}",2026-07-03T03:00:00Z,2026-07-03T00:00:00-03:00,BC Place de Vancouver,Vancouver,Canadá,https://www.fifa.com/pt/tournaments/mens/worldcup/canadamexicousa2026/scores-fixtures,https://api.fifa.com/api/v3/calendar/matches?language=pt&count=500&idSeason=285023,2026-04-19T22:22:13.539611Z,b0ff5f4f3da03714188a7d6588a7d7d156445c3ad3db8debe909f0d78cbc11ea,289287,,1,True,,,CAN,180
fifa-wc2026-match-086,fifa-wc2026-match-086@fifa-world-cup-2026-calendar.local,400021521,86,Segundas de final,Segundas de final,1J,2H,"{""Date"": ""2026-07-03T22:00:00Z"", ""LocalDate"": ""2026-07-03T18:00:00Z"", ""TimeDefined"": true}",2026-07-03T22:00:00Z,2026-07-03T19:00:00-03:00,Estádio de Miami,Miami,Estados Unidos,https://www.fifa.com/pt/tournaments/mens/worldcup/canadamexicousa2026/scores-fixtures,https://api.fifa.com/api/v3/calendar/matches?language=pt&count=500&idSeason=285023,2026-04-19T22:22:13.539611Z,b7e4d4964d195c7cd3f02c4ef1c90e5a0c61b28ae6b66d6a22d38673f6bd08a4,289287,,1,True,,,USA,180
fifa-wc2026-match-087,fifa-wc2026-match-087@fifa-world-cup-2026-calendar.local,400021517,87,Segundas de final,Segundas de final,1K,3DEIJL,"{""Date"": ""2026-07-04T01:30:00Z"", ""LocalDate"": ""2026-07-03T20:30:00Z"", ""TimeDefined"": true}",2026-07-04T01:30:00Z,2026-07-03T22:30:00-03:00,Estádio de Kansas City,Kansas City,Estados Unidos,https://www.fifa.com/pt/tournaments/mens/worldcup/canadamexicousa2026/scores-fixtures,https://api.fifa.com/api/v3/calendar/matches?language=pt&count=500&idSeason=285023,2026-04-19T22:22:13.539611Z,9e31de904c3832174c20bac8e702a35bc585997ba1acb83e64acd2c5e3447c9a,289287,,1,True,,,USA,180
fifa-wc2026-match-088,fifa-wc2026-match-088@fifa-world-cup-2026-calendar.local,400021515,88,Segundas de final,Segundas de final,2D,2G,"{""Date"": ""2026-07-03T18:00:00Z"", ""LocalDate"": ""2026-07-03T13:00:00Z"", ""TimeDefined"": true}",2026-07-03T18:00:00Z,2026-07-03T15:00:00-03:00,Estádio de Dallas,Dallas,Estados Unidos,https://www.fifa.com/pt/tournaments/mens/worldcup/canadamexicousa2026/scores-fixtures,https://api.fifa.com/api/v3/calendar/matches?language=pt&count=500&idSeason=285023,2026-04-19T22:22:13.539611Z,b3d44874371161fd3bc64874ee60e5249ed577b80a67d8b3306266f0ee594115,289287,,1,True,,,USA,180
fifa-wc2026-match-089,fifa-wc2026-match-089@fifa-world-cup-2026-calendar.local,400021533,89,Oitavas de final,Oitavas de final,W74,W77,"{""Date"": ""2026-07-04T21:00:00Z"", ""LocalDate"": ""2026-07-04T17:00:00Z"", ""TimeDefined"": true}",2026-07-04T21:00:00Z,2026-07-04T18:00:00-03:00,Estádio de Filadélfia,Filadélfia,Estados Unidos,https://www.fifa.com/pt/tournaments/mens/worldcup/canadamexicousa2026/scores-fixtures,https://api.fifa.com/api/v3/calendar/matches?language=pt&count=500&idSeason=285023,2026-04-19T22:22:13.539611Z,c40ac651588ea168c172e5fb78aa31f3c80b695eb5e0c20dd9bce02dce904a48,289288,,1,True,,,USA,180
fifa-wc2026-match-090,fifa-wc2026-match-090@fifa-world-cup-2026-calendar.local,400021530,90,Oitavas de final,Oitavas de final,W73,W75,"{""Date"": ""2026-07-04T17:00:00Z"", ""LocalDate"": ""2026-07-04T12:00:00Z"", ""TimeDefined"": true}",2026-07-04T17:00:00Z,2026-07-04T14:00:00-03:00,Estádio de Houston,Houston,Estados Unidos,https://www.fifa.com/pt/tournaments/mens/worldcup/canadamexicousa2026/scores-fixtures,https://api.fifa.com/api/v3/calendar/matches?language=pt&count=500&idSeason=285023,2026-04-19T22:22:13.539611Z,f810533c41deb6d49d3ee0b7466da9f040645c625ac722a32a420adbbf464908,289288,,1,True,,,USA,180
fifa-wc2026-match-091,fifa-wc2026-match-091@fifa-world-cup-2026-calendar.local,400021532,91,Oitavas de final,Oitavas de final,W76,W78,"{""Date"": ""2026-07-05T20:00:00Z"", ""LocalDate"": ""2026-07-05T16:00:00Z"", ""TimeDefined"": true}",2026-07-05T20:00:00Z,2026-07-05T17:00:00-03:00,Estádio de Nova York/Nova Jersey,Nova Iorque,Estados Unidos,https://www.fifa.com/pt/tournaments/mens/worldcup/canadamexicousa2026/scores-fixtures,https://api.fifa.com/api/v3/calendar/matches?language=pt&count=500&idSeason=285023,2026-04-19T22:22:13.539611Z,e13458baaab0aff764adf528e3c7acc6c385f46ba51c0f799bcdd35d8dc6efca,289288,,1,True,,,USA,180
fifa-wc2026-match-092,fifa-wc2026-match-092@fifa-world-cup-2026-calendar.local,400021531,92,Oitavas de final,Oitavas de final,W79,W80,"{""Date"": ""2026-07-06T00:00:00Z"", ""LocalDate"": ""2026-07-05T18:00:00Z"", ""TimeDefined"": true}",2026-07-06T00:00:00Z,2026-07-05T21:00:00-03:00,Estádio da Cidade do México,Cidade do México,México,https://www.fifa.com/pt/tournaments/mens/worldcup/canadamexicousa2026/scores-fixtures,https://api.fifa.com/api/v3/calendar/matches?language=pt&count=500&idSeason=285023,2026-04-19T22:22:13.539611Z,12b8ef0c7f6fe730d42e4ad157284af028fc9aadade87af413ae7e2cec61f461,289288,,1,True,,,MEX,180
fifa-wc2026-match-093,fifa-wc2026-match-093@fifa-world-cup-2026-calendar.local,400021529,93,Oitavas de final,Oitavas de final,W83,W84,"{""Date"": ""2026-07-06T19:00:00Z"", ""LocalDate"": ""2026-07-06T14:00:00Z"", ""TimeDefined"": true}",2026-07-06T19:00:00Z,2026-07-06T16:00:00-03:00,Estádio de Dallas,Dallas,Estados Unidos,https://www.fifa.com/pt/tournaments/mens/worldcup/canadamexicousa2026/scores-fixtures,https://api.fifa.com/api/v3/calendar/matches?language=pt&count=500&idSeason=285023,2026-04-19T22:22:13.539611Z,a47c2a6fe78d50d176404f9dd3ed3d2d3b23b54729025f32e63f53980d0dff7c,289288,,1,True,,,USA,180
fifa-wc2026-match-094,fifa-wc2026-match-094@fifa-world-cup-2026-calendar.local,400021534,94,Oitavas de final,Oitavas de final,W81,W82,"{""Date"": ""2026-07-07T00:00:00Z"", ""LocalDate"": ""2026-07-06T17:00:00Z"", ""TimeDefined"": true}",2026-07-07T00:00:00Z,2026-07-06T21:00:00-03:00,Estádio de Seattle,Seattle,Estados Unidos,https://www.fifa.com/pt/tournaments/mens/worldcup/canadamexicousa2026/scores-fixtures,https://api.fifa.com/api/v3/calendar/matches?language=pt&count=500&idSeason=285023,2026-04-19T22:22:13.539611Z,e8fe33ce14fb4f4839f40db3922eea0f70780aa91961d715866e54b87b2fdf8c,289288,,1,True,,,USA,180
fifa-wc2026-match-095,fifa-wc2026-match-095@fifa-world-cup-2026-calendar.local,400021528,95,Oitavas de final,Oitavas de final,W86,W88,"{""Date"": ""2026-07-07T16:00:00Z"", ""LocalDate"": ""2026-07-07T12:00:00Z"", ""TimeDefined"": true}",2026-07-07T16:00:00Z,2026-07-07T13:00:00-03:00,Estádio de Atlanta,Atlanta,Estados Unidos,https://www.fifa.com/pt/tournaments/mens/worldcup/canadamexicousa2026/scores-fixtures,https://api.fifa.com/api/v3/calendar/matches?language=pt&count=500&idSeason=285023,2026-04-19T22:22:13.539611Z,c6691bf1d6fc3d56d62cf136f86b2127e24c8c5deb9c6ddeec461379ee4a94d4,289288,,1,True,,,USA,180
fifa-wc2026-match-096,fifa-wc2026-match-096@fifa-world-cup-2026-calendar.local,400021535,96,Oitavas de final,Oitavas de final,W85,W87,"{""Date"": ""2026-07-07T20:00:00Z"", ""LocalDate"": ""2026-07-07T13:00:00Z"", ""TimeDefined"": true}",2026-07-07T20:00:00Z,2026-07-07T17:00:00-03:00,BC Place de Vancouver,Vancouver,Canadá,https://www.fifa.com/pt/tournaments/mens/worldcup/canadamexicousa2026/scores-fixtures,https://api.fifa.com/api/v3/calendar/matches?language=pt&count=500&idSeason=285023,2026-04-19T22:22:13.539611Z,bdb128dec77ed858ea2e3c9e151e6fb0890c2716c0ce45d189772dcbb3711fb0,289288,,1,True,,,CAN,180
fifa-wc2026-match-097,fifa-wc2026-match-097@fifa-world-cup-2026-calendar.local,400021536,97,Quartas de final,Quartas de final,W89,W90,"{""Date"": ""2026-07-09T20:00:00Z"", ""LocalDate"": ""2026-07-09T16:00:00Z"", ""TimeDefined"": true}",2026-07-09T20:00:00Z,2026-07-09T17:00:00-03:00,Estádio de Boston,Boston,Estados Unidos,https://www.fifa.com/pt/tournaments/mens/worldcup/canadamexicousa2026/scores-fixtures,https://api.fifa.com/api/v3/calendar/matches?language=pt&count=500&idSeason=285023,2026-04-19T22:22:13.539611Z,d238c8d1e665c26ea498602fc99d00f52cd3eacb63bee1ce8a61574b8b06a5ce,289289,,1,True,,,USA,180
fifa-wc2026-match-098,fifa-wc2026-match-098@fifa-world-cup-2026-calendar.local,400021538,98,Quartas de final,Quartas de final,W93,W94,"{""Date"": ""2026-07-10T19:00:00Z"", ""LocalDate"": ""2026-07-10T12:00:00Z"", ""TimeDefined"": true}",2026-07-10T19:00:00Z,2026-07-10T16:00:00-03:00,Estádio de Los Angeles,Los Angeles,Estados Unidos,https://www.fifa.com/pt/tournaments/mens/worldcup/canadamexicousa2026/scores-fixtures,https://api.fifa.com/api/v3/calendar/matches?language=pt&count=500&idSeason=285023,2026-04-19T22:22:13.539611Z,90b5b4d3b0a94adc42ab009f867e693cfe25b47582b8f95e0bb1a1bb03942139,289289,,1,True,,,USA,180
fifa-wc2026-match-099,fifa-wc2026-match-099@fifa-world-cup-2026-calendar.local,400021539,99,Quartas de final,Quartas de final,W91,W92,"{""Date"": ""2026-07-11T21:00:00Z"", ""LocalDate"": ""2026-07-11T17:00:00Z"", ""TimeDefined"": true}",2026-07-11T21:00:00Z,2026-07-11T18:00:00-03:00,Estádio de Miami,Miami,Estados Unidos,https://www.fifa.com/pt/tournaments/mens/worldcup/canadamexicousa2026/scores-fixtures,https://api.fifa.com/api/v3/calendar/matches?language=pt&count=500&idSeason=285023,2026-04-19T22:22:13.539611Z,94557961024db65201f129b2ad61e043be4b4b9a0032b9b29111f0070a6d2bb7,289289,,1,True,,,USA,180
fifa-wc2026-match-100,fifa-wc2026-match-100@fifa-world-cup-2026-calendar.local,400021537,100,Quartas de final,Quartas de final,W95,W96,"{""Date"": ""2026-07-12T01:00:00Z"", ""LocalDate"": ""2026-07-11T20:00:00Z"", ""TimeDefined"": true}",2026-07-12T01:00:00Z,2026-07-11T22:00:00-03:00,Estádio de Kansas City,Kansas City,Estados Unidos,https://www.fifa.com/pt/tournaments/mens/worldcup/canadamexicousa2026/scores-fixtures,https://api.fifa.com/api/v3/calendar/matches?language=pt&count=500&idSeason=285023,2026-04-19T22:22:13.539611Z,fbf3d3e85e269d937cff81846622e200aa9dc27a905e584441983ed6ecf23640,289289,,1,True,,,USA,180
fifa-wc2026-match-101,fifa-wc2026-match-101@fifa-world-cup-2026-calendar.local,400021541,101,Semifinal,Semifinal,W97,W98,"{""Date"": ""2026-07-14T19:00:00Z"", ""LocalDate"": ""2026-07-14T14:00:00Z"", ""TimeDefined"": true}",2026-07-14T19:00:00Z,2026-07-14T16:00:00-03:00,Estádio de Dallas,Dallas,Estados Unidos,https://www.fifa.com/pt/tournaments/mens/worldcup/canadamexicousa2026/scores-fixtures,https://api.fifa.com/api/v3/calendar/matches?language=pt&count=500&idSeason=285023,2026-04-19T22:22:13.539611Z,02f6d3d9f06f963c07f750610fa78297fbe061f545561b79a9c26c6ed2f06a9b,289290,,1,True,,,USA,180
fifa-wc2026-match-102,fifa-wc2026-match-102@fifa-world-cup-2026-calendar.local,400021540,102,Semifinal,Semifinal,W99,W100,"{""Date"": ""2026-07-15T19:00:00Z"", ""LocalDate"": ""2026-07-15T15:00:00Z"", ""TimeDefined"": true}",2026-07-15T19:00:00Z,2026-07-15T16:00:00-03:00,Estádio de Atlanta,Atlanta,Estados Unidos,https://www.fifa.com/pt/tournaments/mens/worldcup/canadamexicousa2026/scores-fixtures,https://api.fifa.com/api/v3/calendar/matches?language=pt&count=500&idSeason=285023,2026-04-19T22:22:13.539611Z,4cdc9d4edbf1e57c9490b2a166d2dc3e0ca933e8d0304989fe28e5846c5c6047,289290,,1,True,,,USA,180
fifa-wc2026-match-103,fifa-wc2026-match-103@fifa-world-cup-2026-calendar.local,400021542,103,Decisão do 3º lugar,Decisão do 3º lugar,RU101,RU102,"{""Date"": ""2026-07-18T21:00:00Z"", ""LocalDate"": ""2026-07-18T17:00:00Z"", ""TimeDefined"": true}",2026-07-18T21:00:00Z,2026-07-18T18:00:00-03:00,Estádio de Miami,Miami,Estados Unidos,https://www.fifa.com/pt/tournaments/mens/worldcup/canadamexicousa2026/scores-fixtures,https://api.fifa.com/api/v3/calendar/matches?language=pt&count=500&idSeason=285023,2026-04-19T22:22:13.539611Z,5bd65585b1a1609a61f12da6ed1ae43e02a712f8197e89fdcf606a47225a3a80,289291,,1,True,,,USA,180
fifa-wc2026-match-104,fifa-wc2026-match-104@fifa-world-cup-2026-calendar.local,400021543,104,Final,Final,W101,W102,"{""Date"": ""2026-07-19T19:00:00Z"", ""LocalDate"": ""2026-07-19T15:00:00Z"", ""TimeDefined"": true}",2026-07-19T19:00:00Z,2026-07-19T16:00:00-03:00,Estádio de Nova York/Nova Jersey,Nova Iorque,Estados Unidos,https://www.fifa.com/pt/tournaments/mens/worldcup/canadamexicousa2026/scores-fixtures,https://api.fifa.com/api/v3/calendar/matches?language=pt&count=500&idSeason=285023,2026-04-19T22:22:13.539611Z,2b1aa2b1e1a756725a5c7bbb703be42d7db34e49dd4cd9c19d0737482b771c34,289292,,1,True,,,USA,180
